pmid,title,journal,publication_year,doi,source_url,exposure_domains,disease_groups,query_labels,publication_types,mesh_terms,keywords
41359966,Risk for Cancer With Glucagon-Like Peptide-1 Receptor Agonists and Dual Agonists : A Systematic Review and Meta-analysis.,Annals of internal medicine,2026,10.7326/ANNALS-25-02237,https://pubmed.ncbi.nlm.nih.gov/41359966/,baseline_disease,renal_cancer,baseline_disease__renal_cancer,Journal Article; Systematic Review; Meta-Analysis; Review,"Humans; Glucagon-Like Peptide-1 Receptor Agonists; Neoplasms; Hypoglycemic Agents; Diabetes Mellitus, Type 2; Obesity; Randomized Controlled Trials as Topic",
40859782,Diabetes Mellitus and Infectious Diseases: Current Evidence and Clinical Implications.,Diabetes & metabolism journal,2025,10.4093/dmj.2025.0508,https://pubmed.ncbi.nlm.nih.gov/40859782/,baseline_disease,urinary_tract_infection,baseline_disease__urinary_tract_infection,Journal Article; Review,Humans; Communicable Diseases; Diabetes Complications; COVID-19; Diabetes Mellitus; SARS-CoV-2,Communicable diseases; Diabetes mellitus; Hyperglycemia; Immunity; Infections
40839273,GLP-1 Receptor Agonists and Cancer Risk in Adults With Obesity.,JAMA oncology,2025,10.1001/jamaoncol.2025.2681,https://pubmed.ncbi.nlm.nih.gov/40839273/,lifestyle; baseline_disease,renal_cancer,lifestyle__renal_cancer; baseline_disease__renal_cancer,Journal Article; Multicenter Study,"Humans; Female; Obesity; Male; Glucagon-Like Peptide-1 Receptor Agonists; Middle Aged; Neoplasms; Retrospective Studies; Adult; Incidence; Aged; Risk Factors; Diabetes Mellitus, Type 2",
40604281,The mutagenic forces shaping the genomes of lung cancer in never smokers.,Nature,2025,10.1038/s41586-025-09219-0,https://pubmed.ncbi.nlm.nih.gov/40604281/,lifestyle,chronic_kidney_disease,lifestyle__chronic_kidney_disease,"Journal Article; Research Support, N.I.H., Intramural","Humans; Lung Neoplasms; Mutation; Tumor Suppressor Protein p53; Genome, Human; ErbB Receptors; Male; Non-Smokers; Female; Tobacco Smoke Pollution; Adenocarcinoma; Middle Aged; Mutagenesis; Aged; Proto-Oncogene Proteins p21(ras); Air Pollution; Europe",
40583613,Management of urinary stones by experts in stone disease (ESD 2025).,"Archivio italiano di urologia, andrologia : organo ufficiale [di] Societa italiana di ecografia urologica e nefrologica",2025,10.4081/aiua.2025.14085,https://pubmed.ncbi.nlm.nih.gov/40583613/,climate_built_environment,urolithiasis,climate_built_environment__urolithiasis,Journal Article; Practice Guideline; Review,Humans; Urinary Calculi; Kidney Calculi,
40541192,A first-in-class EGFR-directed KRAS G12V selective inhibitor.,Cancer cell,2025,10.1016/j.ccell.2025.05.016,https://pubmed.ncbi.nlm.nih.gov/40541192/,climate_built_environment,chronic_kidney_disease,climate_built_environment__chronic_kidney_disease,Journal Article,"Humans; Proto-Oncogene Proteins p21(ras); ErbB Receptors; Animals; Mice; Cell Line, Tumor; Xenograft Model Antitumor Assays; RNA, Small Interfering; Mutation; RNA Interference; Neoplasms; Female; Mice, Nude; Antineoplastic Agents",EGFR; KRAS; RNA interference; angiogenesis; cancer; ligand conjugation; lung cancer; mutant-selective; siRNA; siRNA delivery
40531150,Nocturia: Evaluation and Management.,American family physician,2025,,https://pubmed.ncbi.nlm.nih.gov/40531150/,lifestyle; baseline_disease,lower_urinary_tract_symptoms,lifestyle__lower_urinary_tract_symptoms; baseline_disease__lower_urinary_tract_symptoms,Journal Article; Review,Humans; Nocturia; Male; Female; Aged,
40450141,"Sasanlimab plus BCG in BCG-naive, high-risk non-muscle invasive bladder cancer: the randomized phase 3 CREST trial.",Nature medicine,2025,10.1038/s41591-025-03738-z,https://pubmed.ncbi.nlm.nih.gov/40450141/,climate_built_environment,bladder_cancer,climate_built_environment__bladder_cancer,"Journal Article; Randomized Controlled Trial; Clinical Trial, Phase III; Multicenter Study","Humans; Urinary Bladder Neoplasms; BCG Vaccine; Male; Female; Aged; Middle Aged; Aged, 80 and over; Antibodies, Monoclonal, Humanized; Neoplasm Invasiveness; Adult; Antineoplastic Combined Chemotherapy Protocols; Non-Muscle Invasive Bladder Neoplasms",
40307802,Association between heatwave exposure and rapid kidney function decline: a longitudinal cohort study from CHARLS.,BMC public health,2025,10.1186/s12889-025-22822-0,https://pubmed.ncbi.nlm.nih.gov/40307802/,climate_built_environment,chronic_kidney_disease,climate_built_environment__chronic_kidney_disease,Journal Article,Humans; Male; Longitudinal Studies; Female; China; Aged; Glomerular Filtration Rate; Middle Aged; Extreme Heat; Risk Factors; Hot Temperature; Kidney Diseases,Elderly; Environmental health; Heatwave; Kidney function decline
40286793,RNA polymerase II partitioning is a shared feature of diverse oncofusion condensates.,Cell,2025,10.1016/j.cell.2025.04.002,https://pubmed.ncbi.nlm.nih.gov/40286793/,climate_built_environment,renal_cancer,climate_built_environment__renal_cancer,Journal Article,"Humans; RNA Polymerase II; Carcinoma, Renal Cell; Kidney Neoplasms; Cell Line, Tumor; Transcription, Genetic; Biomolecular Condensates",Pol II-CTD; biomolecular condensates; condensate specificity; oncofusions; selective partitioning; transcription
40085159,Prescribing Physical Activity and Exercise for People with CKD: A Practical Guide by the Global Renal Exercise Network.,Clinical journal of the American Society of Nephrology : CJASN,2025,10.2215/CJN.0000000708,https://pubmed.ncbi.nlm.nih.gov/40085159/,lifestyle,chronic_kidney_disease,lifestyle__chronic_kidney_disease,Journal Article; Review; Practice Guideline,"Humans; Renal Insufficiency, Chronic; Exercise; Exercise Therapy",CKD nondialysis; ESKD; chronic kidney disease; lean body mass; medical education; quality of life
40065502,Environmental risk factors of inflammatory bowel disease: toward a strategy of preventative health.,Journal of Crohn's & colitis,2025,10.1093/ecco-jcc/jjaf042,https://pubmed.ncbi.nlm.nih.gov/40065502/,lifestyle,urinary_tract_infection,lifestyle__urinary_tract_infection,Journal Article; Review,"Humans; Risk Factors; Inflammatory Bowel Diseases; Diet, Mediterranean; Diet; Smoking; Breast Feeding",Crohn’s disease; environmental health; incidence; predisease cohorts; ulcerative colitis
39863114,"Whole cranberry fruit powder supplement reduces the incidence of culture-confirmed urinary tract infections in females with a history of recurrent urinary tract infection: A 6-month multicenter, randomized, double-blind, placebo-controlled trial.",The American journal of clinical nutrition,2025,10.1016/j.ajcnut.2025.01.022,https://pubmed.ncbi.nlm.nih.gov/39863114/,lifestyle,urinary_tract_infection,lifestyle__urinary_tract_infection,Journal Article; Randomized Controlled Trial; Multicenter Study,Humans; Female; Vaccinium macrocarpon; Urinary Tract Infections; Double-Blind Method; Adult; Middle Aged; Fruit; Dietary Supplements; Incidence; Young Adult; Adolescent; Powders; Aged,Cranberry; Escherichia coli; Vaccinium macrocarpon; females; incidence; prevention; urinary tract infection
39656941,Enhanced Oxidative Phosphorylation Driven by TACO1 Mitochondrial Translocation Promotes Stemness and Cisplatin Resistance in Bladder Cancer.,"Advanced science (Weinheim, Baden-Wurttemberg, Germany)",2025,10.1002/advs.202408599,https://pubmed.ncbi.nlm.nih.gov/39656941/,climate_built_environment,bladder_cancer,climate_built_environment__bladder_cancer,Journal Article,"Cisplatin; Humans; Urinary Bladder Neoplasms; Oxidative Phosphorylation; Drug Resistance, Neoplasm; Mitochondria; Neoplastic Stem Cells; Cell Line, Tumor; Antineoplastic Agents; HSP90 Heat-Shock Proteins; Animals; Mice; Reactive Oxygen Species",TACO1; bladder cancer; cancer stemness; chemoresistance; oxidative phosphorylation
38954672,"Association between frailty and acute kidney injury after cardiac surgery: unraveling the moderation effect of body fat through an international, retrospective, multicohort study.","International journal of surgery (London, England)",2025,10.1097/JS9.0000000000001861,https://pubmed.ncbi.nlm.nih.gov/38954672/,lifestyle,acute_kidney_injury,lifestyle__acute_kidney_injury,Journal Article; Multicenter Study,Humans; Acute Kidney Injury; Male; Retrospective Studies; Female; Frailty; Aged; Middle Aged; Cardiac Surgical Procedures; Postoperative Complications; Risk Factors; China; Adipose Tissue; Obesity,
39702222,"Gout: global epidemiology, risk factors, comorbidities and complications: a narrative review.",BMC musculoskeletal disorders,2024,10.1186/s12891-024-08180-9,https://pubmed.ncbi.nlm.nih.gov/39702222/,baseline_disease,urolithiasis,baseline_disease__urolithiasis,Journal Article; Review,Humans; Gout; Risk Factors; Comorbidity; Global Health; Prevalence; Hyperuricemia; Male; Female,Epidemiology; Global Burden of Disease; Gout; History; Hyperuricemia; Risk factor
39558312,Correlation between benign prostatic hyperplasia and comorbidities: a systematic analysis integrating global burden of disease and mendelian randomization study.,Journal of translational medicine,2024,10.1186/s12967-024-05604-x,https://pubmed.ncbi.nlm.nih.gov/39558312/,baseline_disease,bladder_cancer; lower_urinary_tract_symptoms,baseline_disease__bladder_cancer; baseline_disease__lower_urinary_tract_symptoms,Journal Article,Humans; Male; Mendelian Randomization Analysis; Prostatic Hyperplasia; Comorbidity; Global Burden of Disease; Genome-Wide Association Study; Linkage Disequilibrium,Benign prostatic hyperplasia; Causality; Comorbidities; Global burden of disease; Mendelian randomization analysis
39256817,Air pollution and risk of 32 health conditions: outcome-wide analyses in a population-based prospective cohort in Southwest China.,BMC medicine,2024,10.1186/s12916-024-03596-5,https://pubmed.ncbi.nlm.nih.gov/39256817/,environmental_pollution,urolithiasis,environmental_pollution__urolithiasis,"Journal Article; Research Support, Non-U.S. Gov't",Humans; China; Air Pollution; Male; Female; Middle Aged; Prospective Studies; Particulate Matter; Air Pollutants; Cardiovascular Diseases; Adult; Ozone; Aged; Environmental Exposure; Risk Factors; Nitrogen Dioxide,Air pollution; Fine particulate matter components; Multiple exposure analysis; Outcome-wide analysis; Prospective cohort study
39178744,Renal tubular epithelial cells response to injury in acute kidney injury.,EBioMedicine,2024,10.1016/j.ebiom.2024.105294,https://pubmed.ncbi.nlm.nih.gov/39178744/,environmental_pollution,acute_kidney_injury,environmental_pollution__acute_kidney_injury,Journal Article; Review,Acute Kidney Injury; Humans; Epithelial Cells; Kidney Tubules; Animals; Biomarkers; Fibrosis; Regeneration,Acute kidney injury; Adaptive repair; Phenotypic transformation; Renal tubular epithelial cells
39174582,Tumour lysis syndrome.,Nature reviews. Disease primers,2024,10.1038/s41572-024-00542-w,https://pubmed.ncbi.nlm.nih.gov/39174582/,baseline_disease,acute_kidney_injury,baseline_disease__acute_kidney_injury,Journal Article; Review,Tumor Lysis Syndrome; Humans; Allopurinol; Hyperuricemia; Urate Oxidase; Hyperkalemia; Uric Acid; Xanthine; Neoplasms,
39063530,Risk Factors Associated with Urothelial Bladder Cancer.,International journal of environmental research and public health,2024,10.3390/ijerph21070954,https://pubmed.ncbi.nlm.nih.gov/39063530/,lifestyle; environmental_pollution,bladder_cancer,lifestyle__bladder_cancer; environmental_pollution__bladder_cancer,Journal Article; Review,Urinary Bladder Neoplasms; Humans; Risk Factors; Environmental Exposure; Smoking; Incidence; Polycyclic Aromatic Hydrocarbons,PAHs; VOCs; air pollution; chlorinated swimming pool; chlorinated water; genetic; occupational risks; particulate matter; smoking; urothelial bladder cancer
38967919,Glucagon-Like Peptide 1 Receptor Agonists and 13 Obesity-Associated Cancers in Patients With Type 2 Diabetes.,JAMA network open,2024,10.1001/jamanetworkopen.2024.21305,https://pubmed.ncbi.nlm.nih.gov/38967919/,baseline_disease,renal_cancer,baseline_disease__renal_cancer,"Journal Article; Research Support, N.I.H., Extramural; Research Support, Non-U.S. Gov't","Humans; Diabetes Mellitus, Type 2; Female; Male; Middle Aged; Retrospective Studies; Obesity; Neoplasms; Hypoglycemic Agents; Aged; Metformin; Insulin; United States; Adult; Glucagon-Like Peptide-1 Receptor Agonists",
38945140,"Lowering systolic blood pressure to less than 120 mm Hg versus less than 140 mm Hg in patients with high cardiovascular risk with and without diabetes or previous stroke: an open-label, blinded-outcome, randomised trial.","Lancet (London, England)",2024,10.1016/S0140-6736(24)01028-6,https://pubmed.ncbi.nlm.nih.gov/38945140/,baseline_disease,acute_kidney_injury,baseline_disease__acute_kidney_injury,"Journal Article; Randomized Controlled Trial; Multicenter Study; Research Support, Non-U.S. Gov't",Humans; Male; Middle Aged; Female; Stroke; Aged; Blood Pressure; Antihypertensive Agents; Hypertension; China; Diabetes Mellitus; Cardiovascular Diseases; Heart Disease Risk Factors; Myocardial Infarction; Treatment Outcome,
38934520,Management of urinary stones: state of the art and future perspectives by experts in stone disease.,"Archivio italiano di urologia, andrologia : organo ufficiale [di] Societa italiana di ecografia urologica e nefrologica",2024,10.4081/aiua.2024.12703,https://pubmed.ncbi.nlm.nih.gov/38934520/,climate_built_environment,urolithiasis,climate_built_environment__urolithiasis,Journal Article; Review,Humans; Urinary Calculi; Forecasting,
38814276,Risk factors for nephrolithiasis formation: an umbrella review.,"International journal of surgery (London, England)",2024,10.1097/JS9.0000000000001719,https://pubmed.ncbi.nlm.nih.gov/38814276/,climate_built_environment,urolithiasis,climate_built_environment__urolithiasis,Journal Article; Systematic Review,Humans; Risk Factors; Nephrolithiasis,
38811341,YTHDF3 phase separation regulates HSPA13-dependent clear cell renal cell carcinoma development and immune evasion.,Cancer science,2024,10.1111/cas.16228,https://pubmed.ncbi.nlm.nih.gov/38811341/,climate_built_environment,renal_cancer,climate_built_environment__renal_cancer,Journal Article,"Carcinoma, Renal Cell; Humans; RNA-Binding Proteins; Kidney Neoplasms; Animals; HSP70 Heat-Shock Proteins; Mice; Cell Line, Tumor; B7-H1 Antigen; Female; Male; Gene Expression Regulation, Neoplastic; Prognosis; Immune Evasion; Down-Regulation; Tumor Escape; CD8-Positive T-Lymphocytes; Biomarkers, Tumor; Phase Separation",YTHDF3; clear cell renal cell carcinoma; immune evasion; phase separation; prognosis
38717461,Is there a best timing for benign prostatic hyperplasia surgery?,The French journal of urology,2024,10.1016/j.fjurol.2024.102574,https://pubmed.ncbi.nlm.nih.gov/38717461/,climate_built_environment,lower_urinary_tract_symptoms,climate_built_environment__lower_urinary_tract_symptoms,Journal Article; Review,Prostatic Hyperplasia; Humans; Male; Lower Urinary Tract Symptoms; Time-to-Treatment; Prostatectomy; Time Factors,5 alpha-reductase inhibitors; Alpha-blocker; Benign prostatic hyperplasia; Green light; Holep; Laser; Lower urinary tract symptoms; Transurethral resection of the prostate
38704840,Efficacy of Intravesical Nadofaragene Firadenovec for Patients With Bacillus Calmette-Guérin-Unresponsive Nonmuscle-Invasive Bladder Cancer: 5-Year Follow-Up From a Phase 3 Trial.,The Journal of urology,2024,10.1097/JU.0000000000004020,https://pubmed.ncbi.nlm.nih.gov/38704840/,climate_built_environment,bladder_cancer,climate_built_environment__bladder_cancer,"Journal Article; Clinical Trial, Phase III; Multicenter Study","Humans; Urinary Bladder Neoplasms; Male; Female; BCG Vaccine; Administration, Intravesical; Follow-Up Studies; Aged; Middle Aged; Carcinoma in Situ; Neoplasm Invasiveness; Treatment Outcome; Adenoviridae; Adjuvants, Immunologic; Aged, 80 and over",BCG-unresponsive bladder cancer; bladder cancer; gene therapy; intravesical instillation; nonmuscle invasive bladder cancer
38578550,Persistent Lower Urinary Tract Symptoms After BPH Surgery.,Current urology reports,2024,10.1007/s11934-024-01202-y,https://pubmed.ncbi.nlm.nih.gov/38578550/,environmental_pollution,lower_urinary_tract_symptoms,environmental_pollution__lower_urinary_tract_symptoms,Journal Article; Review,Humans; Lower Urinary Tract Symptoms; Prostatic Hyperplasia; Male; Postoperative Complications; Prostatectomy,Benign prostatic hyperplasia; Holmium laser enucleation of the prostate; Minimally invasive surgical therapies; Recurrent lower urinary tract symptoms
38530620,Sodium-glucose cotransporter 2 inhibitors and cancer: a systematic review and meta-analysis.,Journal of endocrinological investigation,2024,10.1007/s40618-024-02351-0,https://pubmed.ncbi.nlm.nih.gov/38530620/,baseline_disease,bladder_cancer,baseline_disease__bladder_cancer,Systematic Review; Journal Article; Meta-Analysis,"Humans; Diabetes Mellitus, Type 2; Incidence; Neoplasms; Randomized Controlled Trials as Topic; Sodium-Glucose Transporter 2 Inhibitors",Bladder cancer; Breast cancer; Cancer; Dapagliflozin; Renal cancer; Sodium-glucose cotransporter 2 inhibitor
38509341,Effectiveness and safety of empagliflozin: final results from the EMPRISE study.,Diabetologia,2024,10.1007/s00125-024-06126-3,https://pubmed.ncbi.nlm.nih.gov/38509341/,baseline_disease,bladder_cancer,baseline_disease__bladder_cancer,Journal Article,"Humans; Glucosides; Female; Benzhydryl Compounds; Male; Diabetes Mellitus, Type 2; Middle Aged; Aged; Dipeptidyl-Peptidase IV Inhibitors; Sodium-Glucose Transporter 2 Inhibitors; Treatment Outcome; Myocardial Infarction; Cardiovascular Diseases; Heart Failure; Cohort Studies; Hypoglycemic Agents; Adult",Cardiovascular diseases; DPP-4i; Empagliflozin; Heart failure; SGLT2i; Type 2 diabetes mellitus
38427314,"Diabetes, SGLT-2 Inhibitors, and Urinary Tract Infection: a Review.",Current diabetes reports,2024,10.1007/s11892-024-01537-3,https://pubmed.ncbi.nlm.nih.gov/38427314/,baseline_disease,urinary_tract_infection,baseline_disease__urinary_tract_infection,Journal Article; Review,"Humans; Urinary Tract Infections; Sodium-Glucose Transporter 2 Inhibitors; Diabetes Mellitus, Type 2; Risk Factors; Hypoglycemic Agents",Asymptomatic bacteriuria; Candida vulvovaginal infection; Genitourinary infection; SGLT-2 inhibitors; Type 2 diabetes; UTI
38375808,Ivermectin Inhibits Bladder Cancer Cell Growth and Induces Oxidative Stress and DNA Damage.,Anti-cancer agents in medicinal chemistry,2024,10.2174/0118715206274095231106042833,https://pubmed.ncbi.nlm.nih.gov/38375808/,environmental_pollution,bladder_cancer,environmental_pollution__bladder_cancer,"Journal Article; Research Support, Non-U.S. Gov't","Mice; Animals; Humans; Ivermectin; Reactive Oxygen Species; Cell Line, Tumor; Mice, Nude; Antineoplastic Agents; Oxidative Stress; Cell Proliferation; DNA Damage; Apoptosis; Urinary Bladder Neoplasms",Bladder cancer; DNA damage; ROS; anti-cancer effect.; apoptosis; ivermectin; malignant tumor
38368063,Sleep-Related Urologic Dysfunction.,Sleep medicine clinics,2024,10.1016/j.jsmc.2023.10.009,https://pubmed.ncbi.nlm.nih.gov/38368063/,lifestyle; baseline_disease,lower_urinary_tract_symptoms,lifestyle__lower_urinary_tract_symptoms; baseline_disease__lower_urinary_tract_symptoms,Journal Article; Review,Humans; Quality of Life; Nocturnal Enuresis; Sleep Wake Disorders; Nocturia; Sleep,Enuresis; Nocturia; Sleep; Urinary urge incontinence
38354140,Cefepime-Taniborbactam in Complicated Urinary Tract Infection.,The New England journal of medicine,2024,10.1056/NEJMoa2304748,https://pubmed.ncbi.nlm.nih.gov/38354140/,baseline_disease,urinary_tract_infection,baseline_disease__urinary_tract_infection,"Clinical Trial, Phase III; Comparative Study; Journal Article; Randomized Controlled Trial","Adult; Aged; Humans; Middle Aged; Administration, Intravenous; Anti-Bacterial Agents; Bacteremia; beta-Lactamases; Borinic Acids; Carboxylic Acids; Cefepime; Drug Therapy, Combination; Hospitalization; Meropenem; Microbial Sensitivity Tests; Pyelonephritis; Urinary Tract Infections; Drug Resistance, Bacterial",
38345456,Mortality and cancer incidence in perfluorooctanesulfonyl fluoride production workers.,American journal of industrial medicine,2024,10.1002/ajim.23568,https://pubmed.ncbi.nlm.nih.gov/38345456/,environmental_pollution,bladder_cancer,environmental_pollution__bladder_cancer,"Journal Article; Research Support, Non-U.S. Gov't; Research Support, N.I.H., Intramural",Humans; Fluorides; Cohort Studies; Occupational Exposure; Incidence; Urinary Bladder Neoplasms; Lung Neoplasms; Cerebrovascular Disorders; Occupational Diseases; Fluorocarbons; Alkanesulfonic Acids,PFAS; PFOS; cancer incidence; mortality; per- and polyfluoroalkyl substances; perfluorooctanesulfonate
38319660,Early Sepsis-Associated Acute Kidney Injury and Obesity.,JAMA network open,2024,10.1001/jamanetworkopen.2023.54923,https://pubmed.ncbi.nlm.nih.gov/38319660/,lifestyle,acute_kidney_injury,lifestyle__acute_kidney_injury,"Journal Article; Research Support, Non-U.S. Gov't","Humans; Male; Aged; Female; Cohort Studies; Prospective Studies; Obesity; Acute Kidney Injury; Sepsis; Renal Insufficiency, Chronic",
37906240,Urinary Tract Infections: Core Curriculum 2024.,American journal of kidney diseases : the official journal of the National Kidney Foundation,2024,10.1053/j.ajkd.2023.08.009,https://pubmed.ncbi.nlm.nih.gov/37906240/,environmental_pollution,urinary_tract_infection,environmental_pollution__urinary_tract_infection,Journal Article; Review,Male; Humans; Urinary Tract Infections; Bacteriuria; Urinalysis; Anti-Bacterial Agents; Curriculum,Asymptomatic bacteriuria; urinalysis; urinary tract infections
37963294,Diagnosis of urinary tract infection in infants under 3 months with fever without a source: reliability of urinalysis and urine culture.,Boletin medico del Hospital Infantil de Mexico,2023,10.24875/BMHIM.23000030,https://pubmed.ncbi.nlm.nih.gov/37963294/,climate_built_environment,urinary_tract_infection,climate_built_environment__urinary_tract_infection,Review; Journal Article,Child; Infant; Humans; Pyuria; Nitrites; Reproducibility of Results; Sensitivity and Specificity; Urinary Tract Infections; Urinalysis; Fever; Bacteremia,Febrile infants; Fever; Fiebre; Infección bacteriana grave; Infección urinaria en lactantes; Lactantes febriles; Severe bacterial infection; Urinary tract infection in infants
37878255,"Per- and Poly-fluoroalkyl Substances (PFAS) Exposure and Risk of Kidney, Liver, and Testicular Cancers: A Systematic Review and Meta-Analysis.",La Medicina del lavoro,2023,10.23749/mdl.v114i5.15065,https://pubmed.ncbi.nlm.nih.gov/37878255/,environmental_pollution,renal_cancer,environmental_pollution__renal_cancer,Meta-Analysis; Systematic Review; Journal Article,"Male; Neoplasms, Germ Cell and Embryonal; Kidney; Female; Humans; Kidney Neoplasms; Carcinoma, Renal Cell; Liver; Fluorocarbons; Testicular Neoplasms",
37565942,"Kidney Stone Pathophysiology, Evaluation and Management: Core Curriculum 2023.",American journal of kidney diseases : the official journal of the National Kidney Foundation,2023,10.1053/j.ajkd.2023.03.017,https://pubmed.ncbi.nlm.nih.gov/37565942/,baseline_disease,urolithiasis,baseline_disease__urolithiasis,Journal Article; Review,Humans; Kidney Calculi; Nephrology; Curriculum; Nephrolithiasis; Male,Crystalline aggregates; kidney stone disease; nephrolithiasis; urine chemistry; urolithiasis
37516014,WBP2 restrains the lysosomal degradation of GPX4 to inhibit ferroptosis in cisplatin-induced acute kidney injury.,Redox biology,2023,10.1016/j.redox.2023.102826,https://pubmed.ncbi.nlm.nih.gov/37516014/,climate_built_environment,acute_kidney_injury,climate_built_environment__acute_kidney_injury,"Journal Article; Research Support, Non-U.S. Gov't",Humans; Cisplatin; Ferroptosis; Acute Kidney Injury; Kidney; Cell Death; HSP70 Heat-Shock Proteins; Trans-Activators,Acute kidney injury; Cisplatin; Ferroptosis; GPX4; WBP2
37506033,Comparative assessment of efficacy and safety of approved oral therapies for overactive bladder: a systematic review and network meta-analysis.,International braz j urol : official journal of the Brazilian Society of Urology,2023,10.1590/S1677-5538.IBJU.2023.0158,https://pubmed.ncbi.nlm.nih.gov/37506033/,lifestyle,urinary_tract_infection,lifestyle__urinary_tract_infection,Systematic Review; Journal Article; Network Meta-Analysis,"Humans; Urinary Bladder, Overactive; Solifenacin Succinate; Tolterodine Tartrate; Double-Blind Method; Constipation; Xerostomia; Treatment Outcome; Muscarinic Antagonists; Randomized Controlled Trials as Topic; Benzhydryl Compounds; Mandelic Acids","Network Meta-Analysis; Safety; Urinary Bladder, Overactive"
37358858,Short-Course Therapy for Urinary Tract Infections in Children: The SCOUT Randomized Clinical Trial.,JAMA pediatrics,2023,10.1001/jamapediatrics.2023.1979,https://pubmed.ncbi.nlm.nih.gov/37358858/,climate_built_environment,urinary_tract_infection,climate_built_environment__urinary_tract_infection,"Journal Article; Research Support, N.I.H., Extramural","Child; Humans; Female; Child, Preschool; Duration of Therapy; Anti-Bacterial Agents; Bacteriuria; Urinary Tract Infections; Treatment Outcome",
37344596,Y chromosome loss in cancer drives growth by evasion of adaptive immunity.,Nature,2023,10.1038/s41586-023-06234-x,https://pubmed.ncbi.nlm.nih.gov/37344596/,climate_built_environment,bladder_cancer,climate_built_environment__bladder_cancer,"Journal Article; Research Support, N.I.H., Extramural; Research Support, Non-U.S. Gov't","Animals; Humans; Mice; CD8-Positive T-Lymphocytes; Chromosome Deletion; Chromosomes, Human, Y; Proteomics; Tumor Microenvironment; Urinary Bladder Neoplasms; Tumor Escape; Gene Expression Profiling; Genomics; Prognosis; CRISPR-Cas Systems; Gene Editing; In Vitro Techniques; Immune Checkpoint Inhibitors; Flow Cytometry; Immunotherapy; Programmed Cell Death 1 Receptor",
37324941,Emerging Role of Ferroptosis in Diabetic Kidney Disease: Molecular Mechanisms and Therapeutic Opportunities.,International journal of biological sciences,2023,10.7150/ijbs.81892,https://pubmed.ncbi.nlm.nih.gov/37324941/,baseline_disease,renal_cancer,baseline_disease__renal_cancer,"Journal Article; Review; Research Support, Non-U.S. Gov't","Animals; Diabetic Nephropathies; Ferroptosis; Kidney; Kidney Failure, Chronic; Kidney Neoplasms; Diabetes Mellitus",diabetic kidney disease (DKD); ferroptosis; molecular mechanisms; regulators; treatment progress
37255402,FH Variant Pathogenicity Promotes Purine Salvage Pathway Dependence in Kidney Cancer.,Cancer discovery,2023,10.1158/2159-8290.CD-22-0874,https://pubmed.ncbi.nlm.nih.gov/37255402/,environmental_pollution,renal_cancer,environmental_pollution__renal_cancer,"Journal Article; Research Support, N.I.H., Extramural; Research Support, Non-U.S. Gov't","Kidney Neoplasms; Fumarate Hydratase; Uterine Neoplasms; Neoplastic Syndromes, Hereditary; Leiomyomatosis; Virulence; Carcinoma, Renal Cell; Humans; Skin Neoplasms; Purines",
37198015,Epidemiology of Bladder Cancer in 2023: A Systematic Review of Risk Factors.,European urology,2023,10.1016/j.eururo.2023.03.029,https://pubmed.ncbi.nlm.nih.gov/37198015/,lifestyle,bladder_cancer,lifestyle__bladder_cancer,Systematic Review; Journal Article,Humans; Vehicle Emissions; Risk Factors; Urinary Bladder Neoplasms; Smoking; Tobacco Smoking; Occupational Exposure,Bladder cancer; Epidemiology; Incidence; Prevalence; Risk factors
37167825,"""Nocturia and obstructive sleep apnea syndrome: A systematic review"".",Sleep medicine reviews,2023,10.1016/j.smrv.2023.101787,https://pubmed.ncbi.nlm.nih.gov/37167825/,lifestyle,lower_urinary_tract_symptoms,lifestyle__lower_urinary_tract_symptoms,Systematic Review; Journal Article,"Humans; Aged; Nocturia; Quality of Life; Sleep Apnea, Obstructive; Continuous Positive Airway Pressure",Apnea hypopnea index; CPAP; LUTS; OSAS; Urology
36972781,Paeoniflorin protects against cisplatin-induced acute kidney injury through targeting Hsp90AA1-Akt protein-protein interaction.,Journal of ethnopharmacology,2023,10.1016/j.jep.2023.116422,https://pubmed.ncbi.nlm.nih.gov/36972781/,climate_built_environment,acute_kidney_injury,climate_built_environment__acute_kidney_injury,Journal Article,Humans; Cisplatin; Proto-Oncogene Proteins c-akt; Phosphatidylinositol 3-Kinases; Molecular Docking Simulation; Acute Kidney Injury; Inflammation; HSP90 Heat-Shock Proteins; Glycosides,Acute kidney injury; Akt; Apoptosis; Cisplatin; Hsp90AA1; Inflammation
36906146,Kidney Stone Prevention.,"Advances in nutrition (Bethesda, Md.)",2023,10.1016/j.advnut.2023.03.002,https://pubmed.ncbi.nlm.nih.gov/36906146/,lifestyle; climate_built_environment,urolithiasis,lifestyle__urolithiasis; climate_built_environment__urolithiasis,Journal Article; Review,Humans; Calcium; Kidney Calculi; Citric Acid; Citrates; Risk Factors,bioactive compound; citrate; diuresis; natural compound; nephrolithiasis; probiotics; protection; urolithiasis
35944747,Effect of Long-term Exercise Training on Physical Performance and Cardiorespiratory Function in Adults With CKD: A Randomized Controlled Trial.,American journal of kidney diseases : the official journal of the National Kidney Foundation,2023,10.1053/j.ajkd.2022.06.008,https://pubmed.ncbi.nlm.nih.gov/35944747/,lifestyle,chronic_kidney_disease,lifestyle__chronic_kidney_disease,"Randomized Controlled Trial; Multicenter Study; Journal Article; Research Support, N.I.H., Extramural","Humans; Aged; Postural Balance; Time and Motion Studies; Exercise; Physical Functional Performance; Renal Insufficiency, Chronic; Exercise Therapy",Advanced CKD; adverse event; aerobic capacity; aging; cardiorespiratory fitness; chronic kidney disease (CKD); exercise; modifiable risk factor; physical function; physical performance; randomized clinical trial (RCT); renal function; resistance training; safety; treadmill
36174585,Current best practice for bladder cancer: a narrative review of diagnostics and treatments.,"Lancet (London, England)",2022,10.1016/S0140-6736(22)01188-6,https://pubmed.ncbi.nlm.nih.gov/36174585/,climate_built_environment,bladder_cancer,climate_built_environment__bladder_cancer,Journal Article; Review,Humans; Urinary Bladder Neoplasms; Neoplasm Invasiveness,
36100483,Epidemiology of Renal Cell Carcinoma: 2022 Update.,European urology,2022,10.1016/j.eururo.2022.08.019,https://pubmed.ncbi.nlm.nih.gov/36100483/,lifestyle; baseline_disease,renal_cancer,lifestyle__renal_cancer; baseline_disease__renal_cancer,Journal Article; Systematic Review,"Biological Products; Carcinoma, Renal Cell; Humans; Hypertension; Kidney Neoplasms; Obesity",Epidemiology; Kidney cancer; Renal cell carcinoma; Risk factors; Tumors of the kidney
35638734,"InvL, an Invasin-Like Adhesin, Is a Type II Secretion System Substrate Required for Acinetobacter baumannii Uropathogenesis.",mBio,2022,10.1128/mbio.00258-22,https://pubmed.ncbi.nlm.nih.gov/35638734/,climate_built_environment,urinary_tract_infection,climate_built_environment__urinary_tract_infection,"Journal Article; Research Support, N.I.H., Extramural; Research Support, Non-U.S. Gov't","Acinetobacter Infections; Acinetobacter baumannii; Adhesins, Bacterial; Animals; Proteomics; Type II Secretion Systems; Type V Secretion Systems; Urinary Tract Infections",Acinetobacter; adhesin; infection; invasin; pathogenesis; type II secretion system; urinary tract infection; virulence
35273009,Drug-Induced Acute Kidney Injury.,Clinical journal of the American Society of Nephrology : CJASN,2022,10.2215/CJN.11290821,https://pubmed.ncbi.nlm.nih.gov/35273009/,environmental_pollution,acute_kidney_injury,environmental_pollution__acute_kidney_injury,Journal Article; Review,"Acute Kidney Injury; Humans; Inflammation; Kidney; Kidney Tubules, Proximal; Nephritis, Interstitial",Critical Care Nephrology and Acute Kidney Injury Series; acute interstitial nephritis; acute kidney injury; acute tubular injury; apoptosis; chronic kidney disease; crystalline nephropathy; drugs; inflammation; nephrotoxins
35083961,Sauna bathing and lower urinary tract symptoms- the heat is on?,Scandinavian journal of urology,2022,10.1080/21681805.2022.2028898,https://pubmed.ncbi.nlm.nih.gov/35083961/,climate_built_environment,lower_urinary_tract_symptoms,climate_built_environment__lower_urinary_tract_symptoms,Editorial,Hot Temperature; Humans; Lower Urinary Tract Symptoms; Risk Factors; Steam Bath,
35055079,Heat Shock Proteins in Benign Prostatic Hyperplasia and Prostate Cancer.,International journal of molecular sciences,2022,10.3390/ijms23020897,https://pubmed.ncbi.nlm.nih.gov/35055079/,climate_built_environment,lower_urinary_tract_symptoms,climate_built_environment__lower_urinary_tract_symptoms,Journal Article; Review,"Biomarkers; Carrier Proteins; Disease Susceptibility; Gene Expression Regulation; Genetic Variation; Heat-Shock Proteins; Humans; Male; Multigene Family; Prostatic Hyperplasia; Prostatic Neoplasms; Protein Binding; Receptors, Androgen; Signal Transduction",benign prostatic hyperplasia; heat shock proteins; prostate cancer; prostate diseases
34907378,The genetics of kidney stone disease and nephrocalcinosis.,Nature reviews. Nephrology,2022,10.1038/s41581-021-00513-4,https://pubmed.ncbi.nlm.nih.gov/34907378/,environmental_pollution,urolithiasis,environmental_pollution__urolithiasis,Journal Article; Review,Adult; Child; Female; Genome-Wide Association Study; Humans; Incidence; Kidney Calculi; Kidney Tubules; Male; Nephrocalcinosis,
34532853,The role of glucagon-like peptide 1 (GLP-1) in addictive disorders.,British journal of pharmacology,2022,10.1111/bph.15677,https://pubmed.ncbi.nlm.nih.gov/34532853/,lifestyle,lower_urinary_tract_symptoms,lifestyle__lower_urinary_tract_symptoms,"Journal Article; Research Support, N.I.H., Extramural; Research Support, Non-U.S. Gov't; Review","Animals; Behavior, Addictive; Diabetes Mellitus, Type 2; Ethanol; Glucagon-Like Peptide 1; Humans; Glucagon-Like Peptide-1 Receptor Agonists",GLP-1; addiction; alcohol; alcohol use disorder; amphetamine; cocaine; dopamine; glucagon-like peptide-1; nicotine; opioids; substance use disorder; tobacco
34576247,Chronic Kidney Disease: Strategies to Retard Progression.,International journal of molecular sciences,2021,10.3390/ijms221810084,https://pubmed.ncbi.nlm.nih.gov/34576247/,baseline_disease,urolithiasis,baseline_disease__urolithiasis,Journal Article; Review,"Acidosis; Acute Kidney Injury; Anemia; Culture Media, Conditioned; Diabetes Complications; Diabetes Mellitus; Disease Progression; Epithelial-Mesenchymal Transition; Glomerular Filtration Rate; Humans; Hyperkalemia; Hypertension; Kidney Failure, Chronic; Mesenchymal Stem Cells; Nephrolithiasis; Renal Insufficiency, Chronic",acute kidney injury; chronic kidney disease; renal progression; therapy for renal failure
34499558,Microwave Ablation of Renal Cell Carcinoma.,Journal of endourology,2021,10.1089/end.2020.1078,https://pubmed.ncbi.nlm.nih.gov/34499558/,climate_built_environment,renal_cancer,climate_built_environment__renal_cancer,Journal Article; Video-Audio Media,"Carcinoma, Renal Cell; Humans; Kidney Neoplasms; Microwaves; Nephrectomy; Treatment Outcome",ablation; microwave; renal cell carcinoma
34495688,The AUA/SUFU Guideline on Adult Neurogenic Lower Urinary Tract Dysfunction: Treatment and Follow-up.,The Journal of urology,2021,10.1097/JU.0000000000002239,https://pubmed.ncbi.nlm.nih.gov/34495688/,lifestyle,urinary_tract_infection,lifestyle__urinary_tract_infection,Journal Article; Practice Guideline,"Adrenergic alpha-Antagonists; Adult; Aftercare; Combined Modality Therapy; Decision Making, Shared; Exercise Therapy; Humans; Intermittent Urethral Catheterization; Lower Urinary Tract Symptoms; Risk Assessment; Societies, Medical; United States; Urinary Bladder, Neurogenic; Urodynamics; Urologic Surgical Procedures; Urology",anticholinergic; beta-3 agonist; bladder augmentation; botulinum toxin; indwelling catheter; intermittent catheterization; neurogenic bladder (or neurogenic lower urinary tract dysfunction); urinary diversion
34416934,"Recurrent Urinary Tract Infections: Diagnosis, Treatment, and Prevention.",Obstetrics and gynecology clinics of North America,2021,10.1016/j.ogc.2021.05.005,https://pubmed.ncbi.nlm.nih.gov/34416934/,environmental_pollution,urinary_tract_infection,environmental_pollution__urinary_tract_infection,Journal Article; Review,Anti-Bacterial Agents; Humans; Quality of Life; Recurrence; Urinary Tract Infections,Recurrent urinary tract infection; UTI prevention; Uncomplicated UTI; Women
34305810,Safety of Semaglutide.,Frontiers in endocrinology,2021,10.3389/fendo.2021.645563,https://pubmed.ncbi.nlm.nih.gov/34305810/,baseline_disease,acute_kidney_injury,baseline_disease__acute_kidney_injury,"Journal Article; Research Support, Non-U.S. Gov't; Review","Acute Kidney Injury; Animals; Blood Glucose; Body Weight; Cardiovascular System; Cholelithiasis; Clinical Trials as Topic; Clinical Trials, Phase III as Topic; Diabetes Mellitus, Type 2; Diabetic Retinopathy; Gallbladder; Gastrointestinal Tract; Glucagon-Like Peptide-1 Receptor; Glucagon-Like Peptides; Humans; Hypoglycemic Agents; Insulin; Nausea; Pancreas; Pancreatic Neoplasms; Pancreatitis; Patient Safety; Peptides; Thyroid Neoplasms; Time Factors; Semaglutide",glucagon-like peptide-1 receptor agonist (GLP-1RA); oral; safety; semaglutide; subcutaneous; type 2 diabetes
34267223,Acute kidney injury.,Nature reviews. Disease primers,2021,10.1038/s41572-021-00284-z,https://pubmed.ncbi.nlm.nih.gov/34267223/,environmental_pollution,acute_kidney_injury,environmental_pollution__acute_kidney_injury,"Journal Article; Research Support, N.I.H., Extramural; Research Support, Non-U.S. Gov't; Review","Acute Kidney Injury; Aged; Critical Illness; Disease Progression; Humans; Kidney; Renal Insufficiency, Chronic",
34204863,Nutrition and Kidney Stone Disease.,Nutrients,2021,10.3390/nu13061917,https://pubmed.ncbi.nlm.nih.gov/34204863/,lifestyle,urolithiasis,lifestyle__urolithiasis,Journal Article; Review,Diet; Humans; Kidney Calculi; Nutritional Status,calcium oxalate stone formation; diet; dietary assessment; fatty acids; fluid; oxalate; protein; sodium; uric acid; water
34144904,Complicated urinary tract infection in patients with benign prostatic hyperplasia.,Journal of infection and chemotherapy : official journal of the Japan Society of Chemotherapy,2021,10.1016/j.jiac.2021.06.006,https://pubmed.ncbi.nlm.nih.gov/34144904/,environmental_pollution,lower_urinary_tract_symptoms,environmental_pollution__lower_urinary_tract_symptoms,Journal Article,Humans; Male; Prostatic Hyperplasia; Transurethral Resection of Prostate; Urinary Bladder Neck Obstruction; Urinary Tract Infections,Benign prostatic hyperplasia; Bladder outlet obstruction; Urinary tract infection
34126474,Exposure to phthalates and environmental phenols in association with chronic kidney disease (CKD) among the general US population participating in multi-cycle NHANES (2005-2016).,The Science of the total environment,2021,10.1016/j.scitotenv.2021.148343,https://pubmed.ncbi.nlm.nih.gov/34126474/,environmental_pollution,chronic_kidney_disease,environmental_pollution__chronic_kidney_disease,Journal Article,"Adult; Benzhydryl Compounds; Environmental Exposure; Environmental Pollutants; Humans; Nutrition Surveys; Phenols; Phthalic Acids; Renal Insufficiency, Chronic",Albuminuria; Bisphenol A (BPA); Creatinine; Glomerular filtration rate (GFR); Plasticizer
34075149,Exposure to air pollution and renal function.,Scientific reports,2021,10.1038/s41598-021-91000-0,https://pubmed.ncbi.nlm.nih.gov/34075149/,environmental_pollution,chronic_kidney_disease,environmental_pollution__chronic_kidney_disease,Journal Article,"Aged; Air Pollutants; Air Pollution; Europe; Female; Humans; Male; Middle Aged; Nitrogen Dioxide; Particulate Matter; Renal Insufficiency, Chronic",
34024733,Complicated urinary tract infections with diabetes mellitus.,Journal of infection and chemotherapy : official journal of the Japan Society of Chemotherapy,2021,10.1016/j.jiac.2021.05.012,https://pubmed.ncbi.nlm.nih.gov/34024733/,baseline_disease,urinary_tract_infection,baseline_disease__urinary_tract_infection,Journal Article; Review,Diabetes Complications; Diabetes Mellitus; Emphysema; Humans; Pyelonephritis; Urinary Tract Infections,Asymptomatic bacteriuria; Diabetes mellitus; Emphysematous cystitis; Emphysematous pyelonephritis; Sodium-glucose co-transporter 2 inhibitor; Urinary tract infection
33935619,Urinary tract infection in women.,Przeglad menopauzalny = Menopause review,2021,10.5114/pm.2021.105382,https://pubmed.ncbi.nlm.nih.gov/33935619/,environmental_pollution,urinary_tract_infection,environmental_pollution__urinary_tract_infection,Journal Article; Review,,menopause; pregnancy; prevention; treatment; urinary tract infections
33712615,Single-cell transcriptional changes associated with drug tolerance and response to combination therapies in cancer.,Nature communications,2021,10.1038/s41467-021-21884-z,https://pubmed.ncbi.nlm.nih.gov/33712615/,climate_built_environment,chronic_kidney_disease,climate_built_environment__chronic_kidney_disease,"Journal Article; Research Support, N.I.H., Extramural","Antineoplastic Agents; Cell Line, Tumor; Cell Survival; Cholesterol; Drug Combinations; Drug Discovery; Drug Resistance, Neoplasm; Drug Tolerance; Epithelial-Mesenchymal Transition; ErbB Receptors; Gene Expression Regulation, Neoplastic; Heterografts; Humans; Mutation; Neoplasms; Protein Kinase Inhibitors; Receptor Protein-Tyrosine Kinases; U937 Cells",
33459618,Etiopathogenic factors of urolithiasis.,Archivos espanoles de urologia,2021,,https://pubmed.ncbi.nlm.nih.gov/33459618/,environmental_pollution,urolithiasis,environmental_pollution__urolithiasis,Journal Article; Review,"Humans; Kidney Calculi; Recurrence; Renal Insufficiency, Chronic; Risk Factors; Urolithiasis",Age; Edad; Enfermedad monogénica; Gender; Género; Microbioma; Microbiome; Monogenic disease; Nutrición; Nutrition; Tubulopathy; Tubulopatía
33388217,Uric acid and cardiovascular disease: A clinical review.,Journal of cardiology,2021,10.1016/j.jjcc.2020.12.013,https://pubmed.ncbi.nlm.nih.gov/33388217/,baseline_disease,chronic_kidney_disease,baseline_disease__chronic_kidney_disease,Journal Article; Review,Cardiovascular Diseases; Gout; Humans; Hypertension; Hyperuricemia; Risk Factors; Uric Acid,Cardiovascular disease; Outcome; Uric acid
33385391,"PFAS and cancer, a scoping review of the epidemiologic evidence.",Environmental research,2021,10.1016/j.envres.2020.110690,https://pubmed.ncbi.nlm.nih.gov/33385391/,environmental_pollution,renal_cancer,environmental_pollution__renal_cancer,"Journal Article; Research Support, U.S. Gov't, P.H.S.; Scoping Review",Alkanesulfonic Acids; Case-Control Studies; Cross-Sectional Studies; Environmental Pollutants; Fluorocarbons; Humans; Kidney Neoplasms; Male; Water,Cancer; PFAS; PFOA; PFOS; Review
32944748,Serum Concentrations of Per- and Polyfluoroalkyl Substances and Risk of Renal Cell Carcinoma.,Journal of the National Cancer Institute,2021,10.1093/jnci/djaa143,https://pubmed.ncbi.nlm.nih.gov/32944748/,environmental_pollution,renal_cancer,environmental_pollution__renal_cancer,"Clinical Trial; Journal Article; Research Support, N.I.H., Extramural; Research Support, N.I.H., Intramural; Research Support, U.S. Gov't, Non-P.H.S.","Carcinoma, Renal Cell; Fluorocarbons; Humans; Kidney Neoplasms; Male; Risk",
32741068,"Physical activity, obesity and sedentary behavior in cancer etiology: epidemiologic evidence and biologic mechanisms.",Molecular oncology,2021,10.1002/1878-0261.12772,https://pubmed.ncbi.nlm.nih.gov/32741068/,lifestyle,renal_cancer,lifestyle__renal_cancer,Journal Article; Review,Animals; Exercise; Humans; Incidence; Neoplasms; Obesity; Protective Factors; Risk Factors; Sedentary Behavior,chronic inflammation; hormone; metabolism; obesity; physical activity; sedentary behavior
33157048,Molecular Subsets in Renal Cancer Determine Outcome to Checkpoint and Angiogenesis Blockade.,Cancer cell,2020,10.1016/j.ccell.2020.10.011,https://pubmed.ncbi.nlm.nih.gov/33157048/,climate_built_environment,renal_cancer,climate_built_environment__renal_cancer,"Journal Article; Research Support, N.I.H., Extramural; Research Support, Non-U.S. Gov't","Angiogenesis Inhibitors; Antibodies, Monoclonal, Humanized; Antineoplastic Combined Chemotherapy Protocols; Bevacizumab; Biomarkers, Tumor; Carcinoma, Renal Cell; Clinical Trials, Phase III as Topic; Computational Biology; Gene Expression Profiling; Gene Expression Regulation, Neoplastic; Humans; Immune Checkpoint Inhibitors; Kidney Neoplasms; Prognosis; Randomized Controlled Trials as Topic; Sequence Analysis, RNA; Sunitinib; Treatment Outcome; Unsupervised Machine Learning",CDKN2A/B; PBRM1; PD-L1; VHL; atezolizumab; bevacizumab; checkpoint blockade; integrated genomics; renal cell carcinoma; sarcomatoid; sunitinib
33121635,Nephrolithiasis.,Primary care,2020,10.1016/j.pop.2020.08.005,https://pubmed.ncbi.nlm.nih.gov/33121635/,lifestyle; environmental_pollution,urolithiasis,lifestyle__urolithiasis; environmental_pollution__urolithiasis,Journal Article; Review,Biomarkers; Diet; Drinking Water; Drug-Related Side Effects and Adverse Reactions; Humans; Kidney Calculi; Life Style; Primary Health Care; Referral and Consultation; Risk Factors,Calcium oxalate; Hematuria; Kidney stone; Nephrolithiasis; Urolithiasis
32739239,"Hyperuricaemia and gout in cardiovascular, metabolic and kidney disease.",European journal of internal medicine,2020,10.1016/j.ejim.2020.07.006,https://pubmed.ncbi.nlm.nih.gov/32739239/,baseline_disease,chronic_kidney_disease,baseline_disease__chronic_kidney_disease,"Journal Article; Research Support, Non-U.S. Gov't; Review","Diabetes Mellitus, Type 2; Gout; Humans; Hyperuricemia; Metabolic Syndrome; Uric Acid",Allopurinol; Febuxostat; Hypertension; Hyperuricaemia; Metabolic syndrome; Type 2 diabetes
32736541,"Rates, predictors, and mortality of sepsis-associated acute kidney injury: a systematic review and meta-analysis.",BMC nephrology,2020,10.1186/s12882-020-01974-8,https://pubmed.ncbi.nlm.nih.gov/32736541/,lifestyle,acute_kidney_injury,lifestyle__acute_kidney_injury,Journal Article; Meta-Analysis; Systematic Review,"Acute Kidney Injury; Bacteremia; Blood Culture; Diabetes Mellitus; Humans; Hypertension; Intraabdominal Infections; Respiration, Artificial; Risk Factors; Sepsis; Shock, Septic; Smoking; Vasoconstrictor Agents",Acute kidney injury; Meta-analysis; Risk factor; Sepsis; Systematic review
32541923,"Global epidemiology of gout: prevalence, incidence, treatment patterns and risk factors.",Nature reviews. Rheumatology,2020,10.1038/s41584-020-0441-1,https://pubmed.ncbi.nlm.nih.gov/32541923/,baseline_disease,chronic_kidney_disease,baseline_disease__chronic_kidney_disease,Journal Article; Review,Adult; Aged; Case-Control Studies; Comorbidity; Ethnicity; Female; Gout; Gout Suppressants; Humans; Hyperuricemia; Incidence; Male; Middle Aged; Obesity; Prevalence; Risk Factors; Uric Acid,
32494314,Epidemiology of Renal Cell Carcinoma.,World journal of oncology,2020,10.14740/wjon1279,https://pubmed.ncbi.nlm.nih.gov/32494314/,lifestyle,renal_cancer,lifestyle__renal_cancer,Journal Article; Review,,Epidemiology; Etiology; Incidence; Kidney cancer; Mortality; Prevention; Renal cell carcinoma; Risk factors; Survival; Trends
32482689,Pediatric Rhabdomyolysis.,Pediatrics in review,2020,10.1542/pir.2018-0300,https://pubmed.ncbi.nlm.nih.gov/32482689/,lifestyle,acute_kidney_injury,lifestyle__acute_kidney_injury,Journal Article; Review,Algorithms; Biomarkers; Child; Creatine Kinase; Exercise; Humans; Infections; Rhabdomyolysis; Saline Solution,
32376136,Gut Bacteria Composition Drives Primary Resistance to Cancer Immunotherapy in Renal Cell Carcinoma Patients.,European urology,2020,10.1016/j.eururo.2020.04.044,https://pubmed.ncbi.nlm.nih.gov/32376136/,environmental_pollution,renal_cancer,environmental_pollution__renal_cancer,"Journal Article; Research Support, Non-U.S. Gov't","Animals; Carcinoma, Renal Cell; Drug Resistance, Neoplasm; Feces; Gastrointestinal Microbiome; Humans; Immune Checkpoint Inhibitors; Kidney Neoplasms; Mice; Nivolumab; Predictive Value of Tests; Prospective Studies",Antibiotics; Immune checkpoint inhibitor; Kidney cancer; Microbiota; Nivolumab; Renal cell carcinoma; Tyrosine kinase inhibitor
32125277,Air Pollution and Kidney Disease.,Clinical journal of the American Society of Nephrology : CJASN,2020,10.2215/CJN.16031219,https://pubmed.ncbi.nlm.nih.gov/32125277/,environmental_pollution,chronic_kidney_disease,environmental_pollution__chronic_kidney_disease,"Editorial; Research Support, Non-U.S. Gov't; Comment","Air Pollution; Albuminuria; Environmental Exposure; Glomerular Filtration Rate; Humans; Particulate Matter; Renal Insufficiency, Chronic",CKD; air pollution; burden of disease; carbon monoxide; chronic kidney disease; developing countries; disparity; environment; environmental exposure; environmental injustice; epidemiological studies; humans; inequity; injustice; kidney; metal nanoparticles; nanomedicine; nitrogen dioxide; particulate matter; pollution; race; risk factors; sclerosis; socioeconomic; vehicle emissions
31492486,CKD in China: Evolving Spectrum and Public Health Implications.,American journal of kidney diseases : the official journal of the National Kidney Foundation,2020,10.1053/j.ajkd.2019.05.032,https://pubmed.ncbi.nlm.nih.gov/31492486/,climate_built_environment,urolithiasis,climate_built_environment__urolithiasis,"Journal Article; Research Support, Non-U.S. Gov't; Review","China; Diabetes Mellitus; Diabetic Nephropathies; Glomerulonephritis; Humans; Hypertension; Kidney Calculi; Kidney Failure, Chronic; Obesity; Overweight; Public Health; Renal Insufficiency, Chronic; Renal Replacement Therapy",CKD prevalence; China; Chronic kidney disease (CKD); chronic disease surveillance; developing world; diabetes; disease burden; end-stage kidney disease (ESKD); health care costs; hypertension; kidney disease etiology; lifestyle factors; metabolic diseases; modifiable risk factor; non-communicable diseases; obesity; public health; review; urbanization
31761945,A population-based study of cardiovascular disease mortality risk in US cancer patients.,European heart journal,2019,10.1093/eurheartj/ehz766,https://pubmed.ncbi.nlm.nih.gov/31761945/,baseline_disease,bladder_cancer,baseline_disease__bladder_cancer,"Journal Article; Observational Study; Research Support, N.I.H., Extramural; Research Support, Non-U.S. Gov't",Aortic Dissection; Aortic Aneurysm; Atherosclerosis; Breast Neoplasms; Cancer Survivors; Cardiovascular Diseases; Case-Control Studies; Cause of Death; Cerebrovascular Disorders; Endometrial Neoplasms; Female; Follow-Up Studies; Heart Diseases; Humans; Hypertension; Male; Neoplasms; Prostatic Neoplasms; Research Design; Risk Factors; Time Factors; United States; Urinary Bladder Neoplasms,Cardio-oncology; Epidemiology; Heart disease; Neoplasm; SEER
31577095,Nutraceutical treatment and prevention of benign prostatic hyperplasia and prostate cancer.,"Archivio italiano di urologia, andrologia : organo ufficiale [di] Societa italiana di ecografia urologica e nefrologica",2019,10.4081/aiua.2019.3.139,https://pubmed.ncbi.nlm.nih.gov/31577095/,climate_built_environment,lower_urinary_tract_symptoms,climate_built_environment__lower_urinary_tract_symptoms,Journal Article; Review,"Dietary Supplements; Humans; Male; Phytotherapy; Plant Extracts; Plants, Medicinal; Prostatic Hyperplasia; Prostatic Neoplasms",
31410848,Differentiation syndrome in acute promyelocytic leukaemia.,British journal of haematology,2019,10.1111/bjh.16151,https://pubmed.ncbi.nlm.nih.gov/31410848/,environmental_pollution,acute_kidney_injury,environmental_pollution__acute_kidney_injury,Journal Article; Review,"Acute Kidney Injury; Arsenic Trioxide; Cell Differentiation; Humans; Hypotension; Leukemia, Promyelocytic, Acute; Pulmonary Edema; Steroids; Syndrome; Tretinoin",acute promyelocytic leukaemia; all-trans retinoic acid; arsenic trioxide; differentiation syndrome; retinoid acid syndrome
31326826,"Combined exposure to lead, cadmium, mercury, and arsenic and kidney health in adolescents age 12-19 in NHANES 2009-2014.",Environment international,2019,10.1016/j.envint.2019.104993,https://pubmed.ncbi.nlm.nih.gov/31326826/,environmental_pollution,chronic_kidney_disease,environmental_pollution__chronic_kidney_disease,"Journal Article; Research Support, N.I.H., Extramural; Research Support, Non-U.S. Gov't","Adolescent; Arsenic; Cross-Sectional Studies; Environmental Exposure; Female; Humans; Kidney; Male; Metals, Heavy; Nutrition Surveys; United States",Arsenic; Blood urea nitrogen; Cadmium; Childhood; Glomerular filtration; Kidney; Lead; Mercury; Mixture; Systolic blood pressure
31203298,Climate Change and the Kidney.,Annals of nutrition & metabolism,2019,10.1159/000500344,https://pubmed.ncbi.nlm.nih.gov/31203298/,climate_built_environment,chronic_kidney_disease,climate_built_environment__chronic_kidney_disease,"Journal Article; Research Support, Non-U.S. Gov't; Review","Climate Change; Dehydration; Heat Stress Disorders; Hot Temperature; Humans; Renal Insufficiency, Chronic",Global warming; Heat waves; Heatstroke; Kidney stones; Mesoamerican nephropathy
30961478,Hyperuricemia and Cardiovascular Disease.,Current pharmaceutical design,2019,10.2174/1381612825666190408122557,https://pubmed.ncbi.nlm.nih.gov/30961478/,baseline_disease,chronic_kidney_disease,baseline_disease__chronic_kidney_disease,"Journal Article; Research Support, Non-U.S. Gov't; Review",Cardiovascular Diseases; Gout; Humans; Hyperuricemia; Metabolic Syndrome; Uric Acid,Uric acid; cardiovascular diseases; chronic kidney disease; gout; hyperuricaemia; metabolic syndrome.
30943489,Pathophysiology of Benign Prostatic Hyperplasia and Benign Prostatic Enlargement: A Mini-Review.,Gerontology,2019,10.1159/000496289,https://pubmed.ncbi.nlm.nih.gov/30943489/,baseline_disease,lower_urinary_tract_symptoms,baseline_disease__lower_urinary_tract_symptoms,Journal Article; Review,"3-Oxo-5-alpha-Steroid 4-Dehydrogenase; 5-alpha Reductase Inhibitors; Aging; Diabetes Mellitus; Dihydrotestosterone; Dutasteride; Dyslipidemias; Finasteride; Humans; Inflammation; Lower Urinary Tract Symptoms; Male; Metabolic Syndrome; Prostatic Hyperplasia; Receptors, Androgen",Androgens; Benign prostatic enlargement; Benign prostatic hyperplasia; Management; Metabolic syndrome; Pathophysiology
30888440,Obesity in the critically ill: a narrative review.,Intensive care medicine,2019,10.1007/s00134-019-05594-1,https://pubmed.ncbi.nlm.nih.gov/30888440/,lifestyle,acute_kidney_injury,lifestyle__acute_kidney_injury,Journal Article; Review,Body Mass Index; Critical Illness; Global Health; Humans; Obesity; Prevalence; Respiratory Distress Syndrome; World Health Organization,Complications; Critically ill; Mortality paradox; Obesity
30852913,"Cardiorenal Syndrome: Classification, Pathophysiology, Diagnosis, and Treatment Strategies: A Scientific Statement From the American Heart Association.",Circulation,2019,10.1161/CIR.0000000000000664,https://pubmed.ncbi.nlm.nih.gov/30852913/,baseline_disease,acute_kidney_injury,baseline_disease__acute_kidney_injury,Journal Article,"American Heart Association; Biomarkers; Cardio-Renal Syndrome; Diabetes Mellitus; Education, Medical; Expert Testimony; Graft Rejection; Heart; Humans; Kidney; Kidney Transplantation; Neurotransmitter Agents; Prognosis; Translational Research, Biomedical; United States",AHA Scientific Statements; acute kidney injury; biomarkers; cardio-renal syndrome; chronic kidney disease; dialysis; diuretics; heart failure; hospitalization; kidney transplantation; mortality; ultrafiltration
30805683,What is a disease? What is the disease clinical benign prostatic hyperplasia (BPH)?,World journal of urology,2019,10.1007/s00345-019-02691-0,https://pubmed.ncbi.nlm.nih.gov/30805683/,environmental_pollution,lower_urinary_tract_symptoms,environmental_pollution__lower_urinary_tract_symptoms,Journal Article; Review,Humans; Lower Urinary Tract Symptoms; Male; Organ Size; Prostate; Prostatic Hyperplasia; Ultrasonography; Urinary Bladder Neck Obstruction,Benign prostatic hyperplasia; Definition; Grading; Individualised care; Staging; Transabdominal ultrasound
30591189,Urinary Tract Infection.,The Veterinary clinics of North America. Small animal practice,2019,10.1016/j.cvsm.2018.11.005,https://pubmed.ncbi.nlm.nih.gov/30591189/,environmental_pollution,urinary_tract_infection,environmental_pollution__urinary_tract_infection,Journal Article; Review,"Animal Husbandry; Animals; Bacteriuria; Cat Diseases; Cats; Dog Diseases; Dogs; Reagent Kits, Diagnostic; Urinary Tract Infections; Veterinary Medicine",Antibiotic; Asymptomatic bacteriuria; Biofilm; Cystitis
30566003,Dietary oxalate and kidney stone formation.,American journal of physiology. Renal physiology,2019,10.1152/ajprenal.00373.2018,https://pubmed.ncbi.nlm.nih.gov/30566003/,lifestyle,urolithiasis,lifestyle__urolithiasis,"Journal Article; Research Support, N.I.H., Extramural; Review","Calcium; Calcium Oxalate; Calcium, Dietary; Diet; Humans; Kidney Calculi; Oxalates",calcium oxalate; crystalluria; kidney stones; oxalate
30288739,Inhaled nitric oxide.,British journal of pharmacology,2019,10.1111/bph.14512,https://pubmed.ncbi.nlm.nih.gov/30288739/,baseline_disease,lower_urinary_tract_symptoms,baseline_disease__lower_urinary_tract_symptoms,"Journal Article; Research Support, N.I.H., Extramural; Research Support, Non-U.S. Gov't; Review","Administration, Inhalation; Animals; Cardiovascular System; Humans; Hypertension, Pulmonary; Lung; Nitric Oxide",
30243799,Epidemiology of Renal Cell Carcinoma.,European urology,2019,10.1016/j.eururo.2018.08.036,https://pubmed.ncbi.nlm.nih.gov/30243799/,lifestyle,renal_cancer,lifestyle__renal_cancer,Journal Article; Review,"Carcinoma, Renal Cell; Global Health; Humans; Kidney Neoplasms; Risk Factors",Epidemiology; Incidence; Kidney cancer; Mortality; Prevalence; Renal cancer
30526938,Workers' health and productivity under occupational heat strain: a systematic review and meta-analysis.,The Lancet. Planetary health,2018,10.1016/S2542-5196(18)30237-7,https://pubmed.ncbi.nlm.nih.gov/30526938/,climate_built_environment,acute_kidney_injury,climate_built_environment__acute_kidney_injury,"Journal Article; Meta-Analysis; Research Support, Non-U.S. Gov't; Systematic Review",Efficiency; Heat Stress Disorders; Hot Temperature; Humans; Occupational Diseases; Occupational Exposure; Occupational Health,
30523303,Polycystic kidney disease.,Nature reviews. Disease primers,2018,10.1038/s41572-018-0047-y,https://pubmed.ncbi.nlm.nih.gov/30523303/,baseline_disease,urolithiasis,baseline_disease__urolithiasis,"Journal Article; Research Support, N.I.H., Extramural; Research Support, Non-U.S. Gov't; Review","Abdominal Pain; Hematuria; Humans; Hypertension; Magnetic Resonance Imaging; Mass Screening; Nephrolithiasis; Polycystic Kidney Diseases; Polycystic Kidney, Autosomal Dominant; Quality of Life",
30135570,Global epidemiology and outcomes of acute kidney injury.,Nature reviews. Nephrology,2018,10.1038/s41581-018-0052-0,https://pubmed.ncbi.nlm.nih.gov/30135570/,environmental_pollution,acute_kidney_injury,environmental_pollution__acute_kidney_injury,Journal Article; Review,Acute Kidney Injury; Cardiac Surgical Procedures; Contrast Media; Critical Illness; Developed Countries; Developing Countries; Disease Progression; Global Health; Humans; Incidence; Prevalence; Recovery of Function; Risk Factors; Sepsis,
29778331,Goal-directed perfusion to reduce acute kidney injury: A randomized trial.,The Journal of thoracic and cardiovascular surgery,2018,10.1016/j.jtcvs.2018.04.045,https://pubmed.ncbi.nlm.nih.gov/29778331/,climate_built_environment,acute_kidney_injury,climate_built_environment__acute_kidney_injury,"Journal Article; Multicenter Study; Randomized Controlled Trial; Research Support, Non-U.S. Gov't; Video-Audio Media",Acute Kidney Injury; Aged; Australia; Cardiac Surgical Procedures; Cardiopulmonary Bypass; Erythrocyte Transfusion; Europe; Female; Hospital Mortality; Humans; Incidence; Intensive Care Units; Length of Stay; Male; Middle Aged; New Zealand; Perfusion; Protective Factors; Risk Factors; Time Factors; Treatment Outcome; United States,acute kidney injury; cardiac surgery; cardiopulmonary bypass; oxygen delivery
29203127,"""Green Smoothie Cleanse"" Causing Acute Oxalate Nephropathy.",American journal of kidney diseases : the official journal of the National Kidney Foundation,2018,10.1053/j.ajkd.2017.08.002,https://pubmed.ncbi.nlm.nih.gov/29203127/,climate_built_environment,acute_kidney_injury,climate_built_environment__acute_kidney_injury,Case Reports; Journal Article,"Acute Kidney Injury; Aged; Anti-Bacterial Agents; Disease Progression; Female; Fruit and Vegetable Juices; Gastric Bypass; Humans; Hyperoxaluria; Kidney; Kidney Failure, Chronic; Oxalates; Renal Dialysis; Risk Factors; Treatment Outcome",Oxalate; Roux-en-Y gastric bypass (RYGB); acute kidney injury (AKI); acute oxalate nephropathy (AON); acute renal failure; crystal; diet; juicing; kidney biopsy; moxifloxacin; spinach; weight-loss
29199457,Urinary tract infections in long-term care facility residents.,Future microbiology,2018,10.2217/fmb-2017-0183,https://pubmed.ncbi.nlm.nih.gov/29199457/,climate_built_environment,urinary_tract_infection,climate_built_environment__urinary_tract_infection,Editorial,"Aged; Anti-Bacterial Agents; Body Temperature; Delirium; Dementia; Diagnostic Tests, Routine; Drug Resistance, Microbial; Dysuria; Female; Hematuria; Humans; Long-Term Care; Male; Residential Facilities; Urinary Incontinence; Urinary Tract Infections",antimicrobial resistance; long-term care facility (LTCF); urinary tract infection (UTI)
29264224,Pathophysiology of clinical benign prostatic hyperplasia.,Asian journal of urology,2017,10.1016/j.ajur.2017.06.003,https://pubmed.ncbi.nlm.nih.gov/29264224/,environmental_pollution,lower_urinary_tract_symptoms,environmental_pollution__lower_urinary_tract_symptoms,Journal Article; Review,,Clinical benign prostatic hyperplasia; Clinical relevance; Definition; Grading; Pathophysiology; Staging
28807256,Climate change and kidney disease-threats and opportunities.,Kidney international,2017,10.1016/j.kint.2017.03.047,https://pubmed.ncbi.nlm.nih.gov/28807256/,climate_built_environment,chronic_kidney_disease,climate_built_environment__chronic_kidney_disease,Editorial,Climate Change; Communicable Disease Control; Communicable Diseases; Disease Progression; Hot Temperature; Humans; Kidney Diseases; Mosquito Vectors; Wind,acute kidney disease; adaptation; chronic kidney disease; climate change; co-benefits; mitigation
28579135,Urinary tract infection after voiding cystourethrogram.,Journal of pediatric urology,2017,10.1016/j.jpurol.2017.04.018,https://pubmed.ncbi.nlm.nih.gov/28579135/,climate_built_environment,urinary_tract_infection,climate_built_environment__urinary_tract_infection,Journal Article,"Adolescent; Child; Child, Preschool; Cystography; Female; Humans; Incidence; Infant; Infant, Newborn; Male; Retrospective Studies; Risk Factors; Urinary Tract Infections; Urologic Diseases",Pediatrics; Urinary catheterization; Urinary tract infection
28527529,Image-guided ablation of renal cell carcinoma.,Clinical radiology,2017,10.1016/j.crad.2017.03.007,https://pubmed.ncbi.nlm.nih.gov/28527529/,climate_built_environment,renal_cancer,climate_built_environment__renal_cancer,Journal Article; Review,"Ablation Techniques; Biopsy; Carcinoma, Renal Cell; Forecasting; Humans; Kidney Neoplasms; Surgery, Computer-Assisted",
28406148,Bladder cancer.,Nature reviews. Disease primers,2017,10.1038/nrdp.2017.22,https://pubmed.ncbi.nlm.nih.gov/28406148/,lifestyle,bladder_cancer,lifestyle__bladder_cancer,Journal Article; Review,"Biomarkers; Cystectomy; DNA-Binding Proteins; E2F3 Transcription Factor; Humans; Neoadjuvant Therapy; Occupational Exposure; Quality of Life; Receptor, Fibroblast Growth Factor, Type 3; Retinoblastoma Binding Proteins; Risk Factors; Smoking; Tuberous Sclerosis Complex 1 Protein; Tumor Suppressor Proteins; Ubiquitin-Protein Ligases; Urinary Bladder Neoplasms",
28213860,Epidemiology of stone disease across the world.,World journal of urology,2017,10.1007/s00345-017-2008-6,https://pubmed.ncbi.nlm.nih.gov/28213860/,lifestyle; baseline_disease,urolithiasis,lifestyle__urolithiasis; baseline_disease__urolithiasis,Journal Article; Review,Age Factors; Diabetes Mellitus; Global Health; Humans; Incidence; Nephrolithiasis; Obesity; Prevalence; Risk Factors; Sex Factors; Urolithiasis,Epidemiology; Kidney stones; Nephrolithiasis; Renal calculi; Urolithiasis
28212759,Psoriasis and comorbid diseases: Epidemiology.,Journal of the American Academy of Dermatology,2017,10.1016/j.jaad.2016.07.064,https://pubmed.ncbi.nlm.nih.gov/28212759/,baseline_disease,chronic_kidney_disease,baseline_disease__chronic_kidney_disease,Journal Article; Review,"Cardiovascular Diseases; Comorbidity; Diabetes Mellitus; Dyslipidemias; Humans; Infections; Inflammatory Bowel Diseases; Liver Diseases; Mood Disorders; Neoplasms; Obesity; Prevalence; Psoriasis; Renal Insufficiency, Chronic",Crohn's disease; cardiovascular disease; chronic kidney disease; comorbidities; depression; infection; lymphoma; metabolic syndrome; nonalcoholic fatty liver disease; psoriasis; psoriatic arthritis
27370177,Bladder Cancer Incidence and Mortality: A Global Overview and Recent Trends.,European urology,2017,10.1016/j.eururo.2016.06.010,https://pubmed.ncbi.nlm.nih.gov/27370177/,lifestyle,bladder_cancer,lifestyle__bladder_cancer,Journal Article; Review,Female; Global Health; Humans; Incidence; Internationality; Male; Registries; Risk Factors; Smoking; Urinary Bladder Neoplasms,Bladder; Cancer; Incidence; Mortality; Statistics
27738317,The prevalence of EGFR mutation in patients with non-small cell lung cancer: a systematic review and meta-analysis.,Oncotarget,2016,10.18632/oncotarget.12587,https://pubmed.ncbi.nlm.nih.gov/27738317/,lifestyle,chronic_kidney_disease,lifestyle__chronic_kidney_disease,Journal Article; Meta-Analysis; Systematic Review,"Asian People; Carcinoma, Non-Small-Cell Lung; China; ErbB Receptors; Europe; Female; Genetic Predisposition to Disease; Humans; Lung Neoplasms; Male; Mutation; Mutation Rate; Prevalence; Risk Factors; Smoking; White People",epidermal growth factor receptor; meta-analysis; non-small cell lung cancer; prevalence; systematic review
27367595,Benign prostatic hyperplasia: A clinical review.,JAAPA : official journal of the American Academy of Physician Assistants,2016,10.1097/01.JAA.0000488689.58176.0a,https://pubmed.ncbi.nlm.nih.gov/27367595/,climate_built_environment,lower_urinary_tract_symptoms,climate_built_environment__lower_urinary_tract_symptoms,Journal Article; Review,Humans; Male; Prostatic Hyperplasia; Quality of Life,
27199064,Statin-Associated Side Effects.,Journal of the American College of Cardiology,2016,10.1016/j.jacc.2016.02.071,https://pubmed.ncbi.nlm.nih.gov/27199064/,baseline_disease,acute_kidney_injury,baseline_disease__acute_kidney_injury,Journal Article; Review,"Acute Kidney Injury; Antibodies; Autoimmune Diseases; Brain; Cognition Disorders; Depression; Diabetes Mellitus; Humans; Hydroxymethylglutaryl-CoA Reductase Inhibitors; Hyperlipidemias; Liver Function Tests; Lung Diseases, Interstitial; Muscular Diseases; Myalgia; Necrosis; Rhabdomyolysis; Risk Factors; Rupture; Sleep Wake Disorders; Stroke; Tendon Injuries; Testosterone",interstitial lung disease; myopathy; rhabdomyolysis; skeletal muscle
27188687,Kidney stones.,Nature reviews. Disease primers,2016,10.1038/nrdp.2016.8,https://pubmed.ncbi.nlm.nih.gov/27188687/,environmental_pollution,urolithiasis,environmental_pollution__urolithiasis,Journal Article; Review,Calcium Oxalate; Humans; Kidney Calculi; Kidney Calices; Minerals; Prevalence; Uric Acid,
27147135,Benign prostatic hyperplasia.,Nature reviews. Disease primers,2016,10.1038/nrdp.2016.31,https://pubmed.ncbi.nlm.nih.gov/27147135/,lifestyle,lower_urinary_tract_symptoms,lifestyle__lower_urinary_tract_symptoms,Journal Article; Review,"Age Factors; Diet; Genetic Diseases, Inborn; Humans; Inflammation; Kallikreins; Lower Urinary Tract Symptoms; Male; Metabolic Syndrome; Obesity; Prevalence; Prostate-Specific Antigen; Prostatic Hyperplasia; Risk Factors; Urinalysis",
27059700,Efficacy and safety of sodium-glucose co-transporter-2 inhibitors in type 2 diabetes mellitus: systematic review and network meta-analysis.,"Diabetes, obesity & metabolism",2016,10.1111/dom.12670,https://pubmed.ncbi.nlm.nih.gov/27059700/,lifestyle,urinary_tract_infection,lifestyle__urinary_tract_infection,Journal Article; Systematic Review; Network Meta-Analysis,"B-Cell Activating Factor; Benzhydryl Compounds; Blood Glucose; Body Weight; Canagliflozin; Cholesterol, HDL; Diabetes Mellitus, Type 2; Fasting; Glucosides; Glycated Hemoglobin; Humans; Hypoglycemia; Hypoglycemic Agents; Odds Ratio; Reproductive Tract Infections; Sodium-Glucose Transporter 2 Inhibitors; Treatment Outcome; Urinary Tract Infections; Weight Loss",SGLT2 inhibitor; canagliflozin; dapagliflozin; empagliflozin; meta-analysis; review; systematic
27188576,Non-small-cell lung cancer.,Nature reviews. Disease primers,2015,10.1038/nrdp.2015.9,https://pubmed.ncbi.nlm.nih.gov/27188576/,lifestyle,chronic_kidney_disease,lifestyle__chronic_kidney_disease,Journal Article; Review,"Anaplastic Lymphoma Kinase; Carcinoma, Non-Small-Cell Lung; ErbB Receptors; Humans; Lung Neoplasms; Mutation; Neoplasm Staging; Prognosis; Receptor Protein-Tyrosine Kinases; Tobacco Smoking",
26351885,Robotic-Assisted Radical Cystectomy.,Cancer control : journal of the Moffitt Cancer Center,2015,10.1177/107327481502200307,https://pubmed.ncbi.nlm.nih.gov/26351885/,environmental_pollution,bladder_cancer,environmental_pollution__bladder_cancer,Journal Article; Review,Cystectomy; Humans; Robotic Surgical Procedures; Urinary Bladder Neoplasms,
25836927,Epidemiology of bladder cancer.,Hematology/oncology clinics of North America,2015,10.1016/j.hoc.2014.10.001,https://pubmed.ncbi.nlm.nih.gov/25836927/,environmental_pollution,bladder_cancer,environmental_pollution__bladder_cancer,Journal Article; Review,Animals; Humans; Incidence; Prevalence; Risk Factors; Urinary Bladder Neoplasms,Arsenic; Bladder cancer; Genetic susceptibility; Incidence and prevalence; Occupational risk factors; Smoking; Urothelium
25703706,Arsenic-mediated nephrotoxicity.,Renal failure,2015,10.3109/0886022X.2015.1013419,https://pubmed.ncbi.nlm.nih.gov/25703706/,environmental_pollution,chronic_kidney_disease,environmental_pollution__chronic_kidney_disease,Journal Article; Review,"Arsenic; Biomarkers; Humans; Renal Insufficiency, Chronic",Albuminuria; arsenic; chronic kidney disease; fanconi syndrome; tubular dysfunction
22877502,Epidemiology and risk factors of urothelial bladder cancer.,European urology,2013,10.1016/j.eururo.2012.07.033,https://pubmed.ncbi.nlm.nih.gov/22877502/,lifestyle,bladder_cancer,lifestyle__bladder_cancer,Journal Article; Review,"Carcinogens, Environmental; Carcinoma, Transitional Cell; Female; Genetic Predisposition to Disease; Humans; Incidence; Male; Occupational Exposure; Prevalence; Racial Groups; Risk Factors; Sex Factors; Smoking; Urinary Bladder Neoplasms; Urothelium",
22616948,Thiazolidinedione safety.,Expert opinion on drug safety,2012,10.1517/14740338.2012.691963,https://pubmed.ncbi.nlm.nih.gov/22616948/,baseline_disease,bladder_cancer,baseline_disease__bladder_cancer,Journal Article; Review,"Diabetes Mellitus, Type 2; Fractures, Bone; Heart Failure; Humans; Hypoglycemic Agents; Liver; Macular Edema; Myocardial Infarction; PPAR alpha; PPAR gamma; Thiazolidinediones; Urinary Bladder Neoplasms",
21292654,International clinical practice guidelines for the treatment of acute uncomplicated cystitis and pyelonephritis in women: A 2010 update by the Infectious Diseases Society of America and the European Society for Microbiology and Infectious Diseases.,Clinical infectious diseases : an official publication of the Infectious Diseases Society of America,2011,10.1093/cid/ciq257,https://pubmed.ncbi.nlm.nih.gov/21292654/,baseline_disease,urinary_tract_infection,baseline_disease__urinary_tract_infection,"Journal Article; Practice Guideline; Research Support, Non-U.S. Gov't; Review","Acute Disease; Anti-Bacterial Agents; Bacteria; Bacterial Infections; Cystitis; Drug Resistance, Bacterial; Female; Humans; Pyelonephritis",
